{
  "project_info": {
    "project_number": "538952463938",
    "project_id": "todolist-d8df8",
    "storage_bucket": "todolist-d8df8.firebasestorage.app"
  },
  "client": [
    {
      "client_info": {
        "mobilesdk_app_id": "1:538952463938:android:a4ec2a08d5ca39dde55fdb",
        "android_client_info": {
          "package_name": "com.example.todolist"
        }
      },
      "oauth_client": [],
      "api_key": [
        {
          "current_key": "AIzaSyDCAk7hKaicFyShYbDtYLf4R_qhSaV1gKU"
        }
      ],
      "services": {
        "appinvite_service": {
          "other_platform_oauth_client": []
        }
      }
    }
  ],
  "configuration_version": "1"
}